date,temperature,source_url,retrieved_at
2024-01-01,-1.5,https://www.pogodaiklimat.ru/monitor.php?id=34123&month=1&year=2024,2026-10-05
2024-01-02,-3.5,https://www.pogodaiklimat.ru/monitor.php?id=34123&month=1&year=2024,2026-10-05
2024-01-03,-15.5,https://www.pogodaiklimat.ru/monitor.php?id=34123&month=1&year=2024,2026-10-05
2024-01-04,-20.5,https://www.pogodaiklimat.ru/monitor.php?id=34123&month=1&year=2024,2026-10-05
2024-01-05,-17.3,https://www.pogodaiklimat.ru/monitor.php?id=34123&month=1&year=2024,2026-10-05
2024-01-06,-11.7,https://www.pogodaiklimat.ru/monitor.php?id=34123&month=1&year=2024,2026-10-05
2024-01-07,-11.4,https://www.pogodaiklimat.ru/monitor.php?id=34123&month=1&year=2024,2026-10-05
2024-01-08,-21.3,https://www.pogodaiklimat.ru/monitor.php?id=34123&month=1&year=2024,2026-10-05
2024-01-09,-17.1,https://www.pogodaiklimat.ru/monitor.php?id=34123&month=1&year=2024,2026-10-05
2024-01-10,-8.4,https://www.pogodaiklimat.ru/monitor.php?id=34123&month=1&year=2024,2026-10-05
2024-01-11,-6.6,https://www.pogodaiklimat.ru/monitor.php?id=34123&month=1&year=2024,2026-10-05
2024-01-12,-11.0,https://www.pogodaiklimat.ru/monitor.php?id=34123&month=1&year=2024,2026-10-05
2024-01-13,-17.5,https://www.pogodaiklimat.ru/monitor.php?id=34123&month=1&year=2024,2026-10-05
2024-01-14,-18.1,https://www.pogodaiklimat.ru/monitor.php?id=34123&month=1&year=2024,2026-10-05
2024-01-15,-7.2,https://www.pogodaiklimat.ru/monitor.php?id=34123&month=1&year=2024,2026-10-05
2024-01-16,-0.7,https://www.pogodaiklimat.ru/monitor.php?id=34123&month=1&year=2024,2026-10-05
2024-01-17,-5.5,https://www.pogodaiklimat.ru/monitor.php?id=34123&month=1&year=2024,2026-10-05
2024-01-18,-11.8,https://www.pogodaiklimat.ru/monitor.php?id=34123&month=1&year=2024,2026-10-05
2024-01-19,2.2,https://www.pogodaiklimat.ru/monitor.php?id=34123&month=1&year=2024,2026-10-05
2024-01-20,-1.5,https://www.pogodaiklimat.ru/monitor.php?id=34123&month=1&year=2024,2026-10-05
2024-01-21,-7.0,https://www.pogodaiklimat.ru/monitor.php?id=34123&month=1&year=2024,2026-10-05
2024-01-22,-12.0,https://www.pogodaiklimat.ru/monitor.php?id=34123&month=1&year=2024,2026-10-05
2024-01-23,-10.2,https://www.pogodaiklimat.ru/monitor.php?id=34123&month=1&year=2024,2026-10-05
2024-01-24,-6.1,https://www.pogodaiklimat.ru/monitor.php?id=34123&month=1&year=2024,2026-10-05
2024-01-25,-4.0,https://www.pogodaiklimat.ru/monitor.php?id=34123&month=1&year=2024,2026-10-05
2024-01-26,-2.5,https://www.pogodaiklimat.ru/monitor.php?id=34123&month=1&year=2024,2026-10-05
2024-01-27,-0.6,https://www.pogodaiklimat.ru/monitor.php?id=34123&month=1&year=2024,2026-10-05
2024-01-28,0.2,https://www.pogodaiklimat.ru/monitor.php?id=34123&month=1&year=2024,2026-10-05
2024-01-29,-1.3,https://www.pogodaiklimat.ru/monitor.php?id=34123&month=1&year=2024,2026-10-05
2024-01-30,-3.8,https://www.pogodaiklimat.ru/monitor.php?id=34123&month=1&year=2024,2026-10-05
2024-01-31,-2.1,https://www.pogodaiklimat.ru/monitor.php?id=34123&month=1&year=2024,2026-10-05
2024-02-01,-1.0,https://www.pogodaiklimat.ru/monitor.php?id=34123&month=2&year=2024,2026-10-05
2024-02-02,1.3,https://www.pogodaiklimat.ru/monitor.php?id=34123&month=2&year=2024,2026-10-05
2024-02-03,-2.0,https://www.pogodaiklimat.ru/monitor.php?id=34123&month=2&year=2024,2026-10-05
2024-02-04,1.6,https://www.pogodaiklimat.ru/monitor.php?id=34123&month=2&year=2024,2026-10-05
2024-02-05,0.5,https://www.pogodaiklimat.ru/monitor.php?id=34123&month=2&year=2024,2026-10-05
2024-02-06,-2.6,https://www.pogodaiklimat.ru/monitor.php?id=34123&month=2&year=2024,2026-10-05
2024-02-07,-2.6,https://www.pogodaiklimat.ru/monitor.php?id=34123&month=2&year=2024,2026-10-05
2024-02-08,-0.7,https://www.pogodaiklimat.ru/monitor.php?id=34123&month=2&year=2024,2026-10-05
2024-02-09,-7.5,https://www.pogodaiklimat.ru/monitor.php?id=34123&month=2&year=2024,2026-10-05
2024-02-10,-6.2,https://www.pogodaiklimat.ru/monitor.php?id=34123&month=2&year=2024,2026-10-05
2024-02-11,-4.3,https://www.pogodaiklimat.ru/monitor.php?id=34123&month=2&year=2024,2026-10-05
2024-02-12,-0.9,https://www.pogodaiklimat.ru/monitor.php?id=34123&month=2&year=2024,2026-10-05
2024-02-13,4.8,https://www.pogodaiklimat.ru/monitor.php?id=34123&month=2&year=2024,2026-10-05
2024-02-14,-0.1,https://www.pogodaiklimat.ru/monitor.php?id=34123&month=2&year=2024,2026-10-05
2024-02-15,-4.2,https://www.pogodaiklimat.ru/monitor.php?id=34123&month=2&year=2024,2026-10-05
2024-02-16,-6.9,https://www.pogodaiklimat.ru/monitor.php?id=34123&month=2&year=2024,2026-10-05
2024-02-17,-6.4,https://www.pogodaiklimat.ru/monitor.php?id=34123&month=2&year=2024,2026-10-05
2024-02-18,-3.9,https://www.pogodaiklimat.ru/monitor.php?id=34123&month=2&year=2024,2026-10-05
2024-02-19,-3.3,https://www.pogodaiklimat.ru/monitor.php?id=34123&month=2&year=2024,2026-10-05
2024-02-20,-4.8,https://www.pogodaiklimat.ru/monitor.php?id=34123&month=2&year=2024,2026-10-05
2024-02-21,-5.0,https://www.pogodaiklimat.ru/monitor.php?id=34123&month=2&year=2024,2026-10-05
2024-02-22,-4.3,https://www.pogodaiklimat.ru/monitor.php?id=34123&month=2&year=2024,2026-10-05
2024-02-23,-2.4,https://www.pogodaiklimat.ru/monitor.php?id=34123&month=2&year=2024,2026-10-05
2024-02-24,-0.9,https://www.pogodaiklimat.ru/monitor.php?id=34123&month=2&year=2024,2026-10-05
2024-02-25,-3.7,https://www.pogodaiklimat.ru/monitor.php?id=34123&month=2&year=2024,2026-10-05
2024-02-26,-3.8,https://www.pogodaiklimat.ru/monitor.php?id=34123&month=2&year=2024,2026-10-05
2024-02-27,-3.9,https://www.pogodaiklimat.ru/monitor.php?id=34123&month=2&year=2024,2026-10-05
2024-02-28,-3.6,https://www.pogodaiklimat.ru/monitor.php?id=34123&month=2&year=2024,2026-10-05
2024-02-29,-2.4,https://www.pogodaiklimat.ru/monitor.php?id=34123&month=2&year=2024,2026-10-05
2024-03-01,-0.6,https://www.pogodaiklimat.ru/monitor.php?id=34123&month=3&year=2024,2026-10-05
2024-03-02,-1.3,https://www.pogodaiklimat.ru/monitor.php?id=34123&month=3&year=2024,2026-10-05
2024-03-03,-0.9,https://www.pogodaiklimat.ru/monitor.php?id=34123&month=3&year=2024,2026-10-05
2024-03-04,-3.3,https://www.pogodaiklimat.ru/monitor.php?id=34123&month=3&year=2024,2026-10-05
2024-03-05,-4.6,https://www.pogodaiklimat.ru/monitor.php?id=34123&month=3&year=2024,2026-10-05
2024-03-06,-3.4,https://www.pogodaiklimat.ru/monitor.php?id=34123&month=3&year=2024,2026-10-05
2024-03-07,-4.4,https://www.pogodaiklimat.ru/monitor.php?id=34123&month=3&year=2024,2026-10-05
2024-03-08,-3.1,https://www.pogodaiklimat.ru/monitor.php?id=34123&month=3&year=2024,2026-10-05
2024-03-09,-2.8,https://www.pogodaiklimat.ru/monitor.php?id=34123&month=3&year=2024,2026-10-05
2024-03-10,-3.2,https://www.pogodaiklimat.ru/monitor.php?id=34123&month=3&year=2024,2026-10-05
2024-03-11,-6.7,https://www.pogodaiklimat.ru/monitor.php?id=34123&month=3&year=2024,2026-10-05
2024-03-12,-3.3,https://www.pogodaiklimat.ru/monitor.php?id=34123&month=3&year=2024,2026-10-05
2024-03-13,-3.0,https://www.pogodaiklimat.ru/monitor.php?id=34123&month=3&year=2024,2026-10-05
2024-03-14,-0.0,https://www.pogodaiklimat.ru/monitor.php?id=34123&month=3&year=2024,2026-10-05
2024-03-15,1.6,https://www.pogodaiklimat.ru/monitor.php?id=34123&month=3&year=2024,2026-10-05
2024-03-16,0.9,https://www.pogodaiklimat.ru/monitor.php?id=34123&month=3&year=2024,2026-10-05
2024-03-17,0.6,https://www.pogodaiklimat.ru/monitor.php?id=34123&month=3&year=2024,2026-10-05
2024-03-18,2.3,https://www.pogodaiklimat.ru/monitor.php?id=34123&month=3&year=2024,2026-10-05
2024-03-19,2.3,https://www.pogodaiklimat.ru/monitor.php?id=34123&month=3&year=2024,2026-10-05
2024-03-20,1.3,https://www.pogodaiklimat.ru/monitor.php?id=34123&month=3&year=2024,2026-10-05
2024-03-21,-1.1,https://www.pogodaiklimat.ru/monitor.php?id=34123&month=3&year=2024,2026-10-05
2024-03-22,-0.1,https://www.pogodaiklimat.ru/monitor.php?id=34123&month=3&year=2024,2026-10-05
2024-03-23,2.0,https://www.pogodaiklimat.ru/monitor.php?id=34123&month=3&year=2024,2026-10-05
2024-03-24,6.6,https://www.pogodaiklimat.ru/monitor.php?id=34123&month=3&year=2024,2026-10-05
2024-03-25,7.6,https://www.pogodaiklimat.ru/monitor.php?id=34123&month=3&year=2024,2026-10-05
2024-03-26,6.4,https://www.pogodaiklimat.ru/monitor.php?id=34123&month=3&year=2024,2026-10-05
2024-03-27,5.0,https://www.pogodaiklimat.ru/monitor.php?id=34123&month=3&year=2024,2026-10-05
2024-03-28,5.6,https://www.pogodaiklimat.ru/monitor.php?id=34123&month=3&year=2024,2026-10-05
2024-03-29,9.8,https://www.pogodaiklimat.ru/monitor.php?id=34123&month=3&year=2024,2026-10-05
2024-03-30,11.7,https://www.pogodaiklimat.ru/monitor.php?id=34123&month=3&year=2024,2026-10-05
2024-03-31,15.0,https://www.pogodaiklimat.ru/monitor.php?id=34123&month=3&year=2024,2026-10-05
2024-04-01,16.6,https://www.pogodaiklimat.ru/monitor.php?id=34123&month=4&year=2024,2026-10-05
2024-04-02,17.2,https://www.pogodaiklimat.ru/monitor.php?id=34123&month=4&year=2024,2026-10-05
2024-04-03,16.9,https://www.pogodaiklimat.ru/monitor.php?id=34123&month=4&year=2024,2026-10-05
2024-04-04,12.2,https://www.pogodaiklimat.ru/monitor.php?id=34123&month=4&year=2024,2026-10-05
2024-04-05,5.1,https://www.pogodaiklimat.ru/monitor.php?id=34123&month=4&year=2024,2026-10-05
2024-04-06,5.8,https://www.pogodaiklimat.ru/monitor.php?id=34123&month=4&year=2024,2026-10-05
2024-04-07,12.4,https://www.pogodaiklimat.ru/monitor.php?id=34123&month=4&year=2024,2026-10-05
2024-04-08,16.5,https://www.pogodaiklimat.ru/monitor.php?id=34123&month=4&year=2024,2026-10-05
2024-04-09,17.7,https://www.pogodaiklimat.ru/monitor.php?id=34123&month=4&year=2024,2026-10-05
2024-04-10,19.5,https://www.pogodaiklimat.ru/monitor.php?id=34123&month=4&year=2024,2026-10-05
2024-04-11,20.5,https://www.pogodaiklimat.ru/monitor.php?id=34123&month=4&year=2024,2026-10-05
2024-04-12,18.1,https://www.pogodaiklimat.ru/monitor.php?id=34123&month=4&year=2024,2026-10-05
2024-04-13,14.5,https://www.pogodaiklimat.ru/monitor.php?id=34123&month=4&year=2024,2026-10-05
2024-04-14,14.6,https://www.pogodaiklimat.ru/monitor.php?id=34123&month=4&year=2024,2026-10-05
2024-04-15,13.6,https://www.pogodaiklimat.ru/monitor.php?id=34123&month=4&year=2024,2026-10-05
2024-04-16,10.8,https://www.pogodaiklimat.ru/monitor.php?id=34123&month=4&year=2024,2026-10-05
2024-04-17,15.2,https://www.pogodaiklimat.ru/monitor.php?id=34123&month=4&year=2024,2026-10-05
2024-04-18,18.0,https://www.pogodaiklimat.ru/monitor.php?id=34123&month=4&year=2024,2026-10-05
2024-04-19,15.0,https://www.pogodaiklimat.ru/monitor.php?id=34123&month=4&year=2024,2026-10-05
2024-04-20,10.8,https://www.pogodaiklimat.ru/monitor.php?id=34123&month=4&year=2024,2026-10-05
2024-04-21,16.8,https://www.pogodaiklimat.ru/monitor.php?id=34123&month=4&year=2024,2026-10-05
2024-04-22,13.9,https://www.pogodaiklimat.ru/monitor.php?id=34123&month=4&year=2024,2026-10-05
2024-04-23,8.9,https://www.pogodaiklimat.ru/monitor.php?id=34123&month=4&year=2024,2026-10-05
2024-04-24,8.6,https://www.pogodaiklimat.ru/monitor.php?id=34123&month=4&year=2024,2026-10-05
2024-04-25,16.4,https://www.pogodaiklimat.ru/monitor.php?id=34123&month=4&year=2024,2026-10-05
2024-04-26,20.6,https://www.pogodaiklimat.ru/monitor.php?id=34123&month=4&year=2024,2026-10-05
2024-04-27,18.8,https://www.pogodaiklimat.ru/monitor.php?id=34123&month=4&year=2024,2026-10-05
2024-04-28,14.9,https://www.pogodaiklimat.ru/monitor.php?id=34123&month=4&year=2024,2026-10-05
2024-04-29,14.1,https://www.pogodaiklimat.ru/monitor.php?id=34123&month=4&year=2024,2026-10-05
2024-04-30,14.4,https://www.pogodaiklimat.ru/monitor.php?id=34123&month=4&year=2024,2026-10-05
2024-05-01,17.4,https://www.pogodaiklimat.ru/monitor.php?id=34123&month=5&year=2024,2026-10-05
2024-05-02,14.4,https://www.pogodaiklimat.ru/monitor.php?id=34123&month=5&year=2024,2026-10-05
2024-05-03,9.8,https://www.pogodaiklimat.ru/monitor.php?id=34123&month=5&year=2024,2026-10-05
2024-05-04,6.3,https://www.pogodaiklimat.ru/monitor.php?id=34123&month=5&year=2024,2026-10-05
2024-05-05,12.5,https://www.pogodaiklimat.ru/monitor.php?id=34123&month=5&year=2024,2026-10-05
2024-05-06,12.5,https://www.pogodaiklimat.ru/monitor.php?id=34123&month=5&year=2024,2026-10-05
2024-05-07,16.5,https://www.pogodaiklimat.ru/monitor.php?id=34123&month=5&year=2024,2026-10-05
2024-05-08,7.4,https://www.pogodaiklimat.ru/monitor.php?id=34123&month=5&year=2024,2026-10-05
2024-05-09,5.0,https://www.pogodaiklimat.ru/monitor.php?id=34123&month=5&year=2024,2026-10-05
2024-05-10,7.2,https://www.pogodaiklimat.ru/monitor.php?id=34123&month=5&year=2024,2026-10-05
2024-05-11,12.1,https://www.pogodaiklimat.ru/monitor.php?id=34123&month=5&year=2024,2026-10-05
2024-05-12,7.5,https://www.pogodaiklimat.ru/monitor.php?id=34123&month=5&year=2024,2026-10-05
2024-05-13,6.3,https://www.pogodaiklimat.ru/monitor.php?id=34123&month=5&year=2024,2026-10-05
2024-05-14,7.9,https://www.pogodaiklimat.ru/monitor.php?id=34123&month=5&year=2024,2026-10-05
2024-05-15,8.3,https://www.pogodaiklimat.ru/monitor.php?id=34123&month=5&year=2024,2026-10-05
2024-05-16,11.4,https://www.pogodaiklimat.ru/monitor.php?id=34123&month=5&year=2024,2026-10-05
2024-05-17,12.3,https://www.pogodaiklimat.ru/monitor.php?id=34123&month=5&year=2024,2026-10-05
2024-05-18,14.5,https://www.pogodaiklimat.ru/monitor.php?id=34123&month=5&year=2024,2026-10-05
2024-05-19,15.3,https://www.pogodaiklimat.ru/monitor.php?id=34123&month=5&year=2024,2026-10-05
2024-05-20,16.2,https://www.pogodaiklimat.ru/monitor.php?id=34123&month=5&year=2024,2026-10-05
2024-05-21,20.0,https://www.pogodaiklimat.ru/monitor.php?id=34123&month=5&year=2024,2026-10-05
2024-05-22,20.6,https://www.pogodaiklimat.ru/monitor.php?id=34123&month=5&year=2024,2026-10-05
2024-05-23,20.3,https://www.pogodaiklimat.ru/monitor.php?id=34123&month=5&year=2024,2026-10-05
2024-05-24,15.8,https://www.pogodaiklimat.ru/monitor.php?id=34123&month=5&year=2024,2026-10-05
2024-05-25,15.8,https://www.pogodaiklimat.ru/monitor.php?id=34123&month=5&year=2024,2026-10-05
2024-05-26,17.3,https://www.pogodaiklimat.ru/monitor.php?id=34123&month=5&year=2024,2026-10-05
2024-05-27,18.6,https://www.pogodaiklimat.ru/monitor.php?id=34123&month=5&year=2024,2026-10-05
2024-05-28,20.6,https://www.pogodaiklimat.ru/monitor.php?id=34123&month=5&year=2024,2026-10-05
2024-05-29,19.6,https://www.pogodaiklimat.ru/monitor.php?id=34123&month=5&year=2024,2026-10-05
2024-05-30,22.1,https://www.pogodaiklimat.ru/monitor.php?id=34123&month=5&year=2024,2026-10-05
2024-05-31,21.5,https://www.pogodaiklimat.ru/monitor.php?id=34123&month=5&year=2024,2026-10-05
2024-06-01,21.4,https://www.pogodaiklimat.ru/monitor.php?id=34123&month=6&year=2024,2026-10-05
2024-06-02,22.7,https://www.pogodaiklimat.ru/monitor.php?id=34123&month=6&year=2024,2026-10-05
2024-06-03,23.7,https://www.pogodaiklimat.ru/monitor.php?id=34123&month=6&year=2024,2026-10-05
2024-06-04,23.6,https://www.pogodaiklimat.ru/monitor.php?id=34123&month=6&year=2024,2026-10-05
2024-06-05,22.4,https://www.pogodaiklimat.ru/monitor.php?id=34123&month=6&year=2024,2026-10-05
2024-06-06,22.1,https://www.pogodaiklimat.ru/monitor.php?id=34123&month=6&year=2024,2026-10-05
2024-06-07,20.1,https://www.pogodaiklimat.ru/monitor.php?id=34123&month=6&year=2024,2026-10-05
2024-06-08,20.9,https://www.pogodaiklimat.ru/monitor.php?id=34123&month=6&year=2024,2026-10-05
2024-06-09,21.6,https://www.pogodaiklimat.ru/monitor.php?id=34123&month=6&year=2024,2026-10-05
2024-06-10,22.5,https://www.pogodaiklimat.ru/monitor.php?id=34123&month=6&year=2024,2026-10-05
2024-06-11,26.5,https://www.pogodaiklimat.ru/monitor.php?id=34123&month=6&year=2024,2026-10-05
2024-06-12,26.4,https://www.pogodaiklimat.ru/monitor.php?id=34123&month=6&year=2024,2026-10-05
2024-06-13,21.5,https://www.pogodaiklimat.ru/monitor.php?id=34123&month=6&year=2024,2026-10-05
2024-06-14,18.3,https://www.pogodaiklimat.ru/monitor.php?id=34123&month=6&year=2024,2026-10-05
2024-06-15,20.0,https://www.pogodaiklimat.ru/monitor.php?id=34123&month=6&year=2024,2026-10-05
2024-06-16,20.8,https://www.pogodaiklimat.ru/monitor.php?id=34123&month=6&year=2024,2026-10-05
2024-06-17,22.4,https://www.pogodaiklimat.ru/monitor.php?id=34123&month=6&year=2024,2026-10-05
2024-06-18,21.8,https://www.pogodaiklimat.ru/monitor.php?id=34123&month=6&year=2024,2026-10-05
2024-06-19,22.6,https://www.pogodaiklimat.ru/monitor.php?id=34123&month=6&year=2024,2026-10-05
2024-06-20,23.8,https://www.pogodaiklimat.ru/monitor.php?id=34123&month=6&year=2024,2026-10-05
2024-06-21,16.9,https://www.pogodaiklimat.ru/monitor.php?id=34123&month=6&year=2024,2026-10-05
2024-06-22,19.8,https://www.pogodaiklimat.ru/monitor.php?id=34123&month=6&year=2024,2026-10-05
2024-06-23,20.4,https://www.pogodaiklimat.ru/monitor.php?id=34123&month=6&year=2024,2026-10-05
2024-06-24,20.2,https://www.pogodaiklimat.ru/monitor.php?id=34123&month=6&year=2024,2026-10-05
2024-06-25,17.6,https://www.pogodaiklimat.ru/monitor.php?id=34123&month=6&year=2024,2026-10-05
2024-06-26,17.4,https://www.pogodaiklimat.ru/monitor.php?id=34123&month=6&year=2024,2026-10-05
2024-06-27,18.3,https://www.pogodaiklimat.ru/monitor.php?id=34123&month=6&year=2024,2026-10-05
2024-06-28,20.6,https://www.pogodaiklimat.ru/monitor.php?id=34123&month=6&year=2024,2026-10-05
2024-06-29,21.9,https://www.pogodaiklimat.ru/monitor.php?id=34123&month=6&year=2024,2026-10-05
2024-06-30,25.3,https://www.pogodaiklimat.ru/monitor.php?id=34123&month=6&year=2024,2026-10-05
2024-07-01,25.2,https://www.pogodaiklimat.ru/monitor.php?id=34123&month=7&year=2024,2026-10-05
2024-07-02,25.5,https://www.pogodaiklimat.ru/monitor.php?id=34123&month=7&year=2024,2026-10-05
2024-07-03,26.7,https://www.pogodaiklimat.ru/monitor.php?id=34123&month=7&year=2024,2026-10-05
2024-07-04,26.6,https://www.pogodaiklimat.ru/monitor.php?id=34123&month=7&year=2024,2026-10-05
2024-07-05,27.9,https://www.pogodaiklimat.ru/monitor.php?id=34123&month=7&year=2024,2026-10-05
2024-07-06,23.1,https://www.pogodaiklimat.ru/monitor.php?id=34123&month=7&year=2024,2026-10-05
2024-07-07,21.9,https://www.pogodaiklimat.ru/monitor.php?id=34123&month=7&year=2024,2026-10-05
2024-07-08,23.5,https://www.pogodaiklimat.ru/monitor.php?id=34123&month=7&year=2024,2026-10-05
2024-07-09,24.7,https://www.pogodaiklimat.ru/monitor.php?id=34123&month=7&year=2024,2026-10-05
2024-07-10,25.8,https://www.pogodaiklimat.ru/monitor.php?id=34123&month=7&year=2024,2026-10-05
2024-07-11,25.9,https://www.pogodaiklimat.ru/monitor.php?id=34123&month=7&year=2024,2026-10-05
2024-07-12,23.7,https://www.pogodaiklimat.ru/monitor.php?id=34123&month=7&year=2024,2026-10-05
2024-07-13,23.7,https://www.pogodaiklimat.ru/monitor.php?id=34123&month=7&year=2024,2026-10-05
2024-07-14,25.0,https://www.pogodaiklimat.ru/monitor.php?id=34123&month=7&year=2024,2026-10-05
2024-07-15,27.3,https://www.pogodaiklimat.ru/monitor.php?id=34123&month=7&year=2024,2026-10-05
2024-07-16,27.7,https://www.pogodaiklimat.ru/monitor.php?id=34123&month=7&year=2024,2026-10-05
2024-07-17,27.6,https://www.pogodaiklimat.ru/monitor.php?id=34123&month=7&year=2024,2026-10-05
2024-07-18,27.6,https://www.pogodaiklimat.ru/monitor.php?id=34123&month=7&year=2024,2026-10-05
2024-07-19,23.5,https://www.pogodaiklimat.ru/monitor.php?id=34123&month=7&year=2024,2026-10-05
2024-07-20,22.6,https://www.pogodaiklimat.ru/monitor.php?id=34123&month=7&year=2024,2026-10-05
2024-07-21,23.1,https://www.pogodaiklimat.ru/monitor.php?id=34123&month=7&year=2024,2026-10-05
2024-07-22,23.5,https://www.pogodaiklimat.ru/monitor.php?id=34123&month=7&year=2024,2026-10-05
2024-07-23,20.6,https://www.pogodaiklimat.ru/monitor.php?id=34123&month=7&year=2024,2026-10-05
2024-07-24,19.5,https://www.pogodaiklimat.ru/monitor.php?id=34123&month=7&year=2024,2026-10-05
2024-07-25,21.2,https://www.pogodaiklimat.ru/monitor.php?id=34123&month=7&year=2024,2026-10-05
2024-07-26,20.3,https://www.pogodaiklimat.ru/monitor.php?id=34123&month=7&year=2024,2026-10-05
2024-07-27,20.5,https://www.pogodaiklimat.ru/monitor.php?id=34123&month=7&year=2024,2026-10-05
2024-07-28,23.2,https://www.pogodaiklimat.ru/monitor.php?id=34123&month=7&year=2024,2026-10-05
2024-07-29,23.7,https://www.pogodaiklimat.ru/monitor.php?id=34123&month=7&year=2024,2026-10-05
2024-07-30,17.6,https://www.pogodaiklimat.ru/monitor.php?id=34123&month=7&year=2024,2026-10-05
2024-07-31,18.0,https://www.pogodaiklimat.ru/monitor.php?id=34123&month=7&year=2024,2026-10-05
2024-08-01,20.6,https://www.pogodaiklimat.ru/monitor.php?id=34123&month=8&year=2024,2026-10-05
2024-08-02,19.5,https://www.pogodaiklimat.ru/monitor.php?id=34123&month=8&year=2024,2026-10-05
2024-08-03,20.5,https://www.pogodaiklimat.ru/monitor.php?id=34123&month=8&year=2024,2026-10-05
2024-08-04,17.2,https://www.pogodaiklimat.ru/monitor.php?id=34123&month=8&year=2024,2026-10-05
2024-08-05,18.7,https://www.pogodaiklimat.ru/monitor.php?id=34123&month=8&year=2024,2026-10-05
2024-08-06,21.8,https://www.pogodaiklimat.ru/monitor.php?id=34123&month=8&year=2024,2026-10-05
2024-08-07,21.5,https://www.pogodaiklimat.ru/monitor.php?id=34123&month=8&year=2024,2026-10-05
2024-08-08,20.3,https://www.pogodaiklimat.ru/monitor.php?id=34123&month=8&year=2024,2026-10-05
2024-08-09,20.1,https://www.pogodaiklimat.ru/monitor.php?id=34123&month=8&year=2024,2026-10-05
2024-08-10,21.3,https://www.pogodaiklimat.ru/monitor.php?id=34123&month=8&year=2024,2026-10-05
2024-08-11,21.6,https://www.pogodaiklimat.ru/monitor.php?id=34123&month=8&year=2024,2026-10-05
2024-08-12,17.4,https://www.pogodaiklimat.ru/monitor.php?id=34123&month=8&year=2024,2026-10-05
2024-08-13,17.1,https://www.pogodaiklimat.ru/monitor.php?id=34123&month=8&year=2024,2026-10-05
2024-08-14,17.5,https://www.pogodaiklimat.ru/monitor.php?id=34123&month=8&year=2024,2026-10-05
2024-08-15,19.4,https://www.pogodaiklimat.ru/monitor.php?id=34123&month=8&year=2024,2026-10-05
2024-08-16,19.0,https://www.pogodaiklimat.ru/monitor.php?id=34123&month=8&year=2024,2026-10-05
2024-08-17,20.4,https://www.pogodaiklimat.ru/monitor.php?id=34123&month=8&year=2024,2026-10-05
2024-08-18,22.6,https://www.pogodaiklimat.ru/monitor.php?id=34123&month=8&year=2024,2026-10-05
2024-08-19,24.2,https://www.pogodaiklimat.ru/monitor.php?id=34123&month=8&year=2024,2026-10-05
2024-08-20,25.4,https://www.pogodaiklimat.ru/monitor.php?id=34123&month=8&year=2024,2026-10-05
2024-08-21,25.4,https://www.pogodaiklimat.ru/monitor.php?id=34123&month=8&year=2024,2026-10-05
2024-08-22,25.5,https://www.pogodaiklimat.ru/monitor.php?id=34123&month=8&year=2024,2026-10-05
2024-08-23,25.0,https://www.pogodaiklimat.ru/monitor.php?id=34123&month=8&year=2024,2026-10-05
2024-08-24,25.8,https://www.pogodaiklimat.ru/monitor.php?id=34123&month=8&year=2024,2026-10-05
2024-08-25,24.4,https://www.pogodaiklimat.ru/monitor.php?id=34123&month=8&year=2024,2026-10-05
2024-08-26,23.7,https://www.pogodaiklimat.ru/monitor.php?id=34123&month=8&year=2024,2026-10-05
2024-08-27,23.6,https://www.pogodaiklimat.ru/monitor.php?id=34123&month=8&year=2024,2026-10-05
2024-08-28,24.2,https://www.pogodaiklimat.ru/monitor.php?id=34123&month=8&year=2024,2026-10-05
2024-08-29,23.2,https://www.pogodaiklimat.ru/monitor.php?id=34123&month=8&year=2024,2026-10-05
2024-08-30,23.4,https://www.pogodaiklimat.ru/monitor.php?id=34123&month=8&year=2024,2026-10-05
2024-08-31,24.8,https://www.pogodaiklimat.ru/monitor.php?id=34123&month=8&year=2024,2026-10-05
2024-09-01,23.6,https://www.pogodaiklimat.ru/monitor.php?id=34123&month=9&year=2024,2026-10-05
2024-09-02,22.1,https://www.pogodaiklimat.ru/monitor.php?id=34123&month=9&year=2024,2026-10-05
2024-09-03,22.7,https://www.pogodaiklimat.ru/monitor.php?id=34123&month=9&year=2024,2026-10-05
2024-09-04,20.9,https://www.pogodaiklimat.ru/monitor.php?id=34123&month=9&year=2024,2026-10-05
2024-09-05,19.4,https://www.pogodaiklimat.ru/monitor.php?id=34123&month=9&year=2024,2026-10-05
2024-09-06,17.1,https://www.pogodaiklimat.ru/monitor.php?id=34123&month=9&year=2024,2026-10-05
2024-09-07,17.8,https://www.pogodaiklimat.ru/monitor.php?id=34123&month=9&year=2024,2026-10-05
2024-09-08,18.1,https://www.pogodaiklimat.ru/monitor.php?id=34123&month=9&year=2024,2026-10-05
2024-09-09,19.3,https://www.pogodaiklimat.ru/monitor.php?id=34123&month=9&year=2024,2026-10-05
2024-09-10,20.1,https://www.pogodaiklimat.ru/monitor.php?id=34123&month=9&year=2024,2026-10-05
2024-09-11,21.4,https://www.pogodaiklimat.ru/monitor.php?id=34123&month=9&year=2024,2026-10-05
2024-09-12,23.8,https://www.pogodaiklimat.ru/monitor.php?id=34123&month=9&year=2024,2026-10-05
2024-09-13,22.2,https://www.pogodaiklimat.ru/monitor.php?id=34123&month=9&year=2024,2026-10-05
2024-09-14,20.7,https://www.pogodaiklimat.ru/monitor.php?id=34123&month=9&year=2024,2026-10-05
2024-09-15,20.8,https://www.pogodaiklimat.ru/monitor.php?id=34123&month=9&year=2024,2026-10-05
2024-09-16,19.5,https://www.pogodaiklimat.ru/monitor.php?id=34123&month=9&year=2024,2026-10-05
2024-09-17,19.7,https://www.pogodaiklimat.ru/monitor.php?id=34123&month=9&year=2024,2026-10-05
2024-09-18,17.9,https://www.pogodaiklimat.ru/monitor.php?id=34123&month=9&year=2024,2026-10-05
2024-09-19,15.4,https://www.pogodaiklimat.ru/monitor.php?id=34123&month=9&year=2024,2026-10-05
2024-09-20,16.3,https://www.pogodaiklimat.ru/monitor.php?id=34123&month=9&year=2024,2026-10-05
2024-09-21,16.6,https://www.pogodaiklimat.ru/monitor.php?id=34123&month=9&year=2024,2026-10-05
2024-09-22,17.0,https://www.pogodaiklimat.ru/monitor.php?id=34123&month=9&year=2024,2026-10-05
2024-09-23,13.4,https://www.pogodaiklimat.ru/monitor.php?id=34123&month=9&year=2024,2026-10-05
2024-09-24,13.1,https://www.pogodaiklimat.ru/monitor.php?id=34123&month=9&year=2024,2026-10-05
2024-09-25,13.5,https://www.pogodaiklimat.ru/monitor.php?id=34123&month=9&year=2024,2026-10-05
2024-09-26,14.1,https://www.pogodaiklimat.ru/monitor.php?id=34123&month=9&year=2024,2026-10-05
2024-09-27,17.6,https://www.pogodaiklimat.ru/monitor.php?id=34123&month=9&year=2024,2026-10-05
2024-09-28,19.4,https://www.pogodaiklimat.ru/monitor.php?id=34123&month=9&year=2024,2026-10-05
2024-09-29,18.2,https://www.pogodaiklimat.ru/monitor.php?id=34123&month=9&year=2024,2026-10-05
2024-09-30,18.3,https://www.pogodaiklimat.ru/monitor.php?id=34123&month=9&year=2024,2026-10-05
2024-10-01,18.7,https://www.pogodaiklimat.ru/monitor.php?id=34123&month=10&year=2024,2026-10-05
2024-10-02,16.3,https://www.pogodaiklimat.ru/monitor.php?id=34123&month=10&year=2024,2026-10-05
2024-10-03,15.0,https://www.pogodaiklimat.ru/monitor.php?id=34123&month=10&year=2024,2026-10-05
2024-10-04,13.8,https://www.pogodaiklimat.ru/monitor.php?id=34123&month=10&year=2024,2026-10-05
2024-10-05,17.7,https://www.pogodaiklimat.ru/monitor.php?id=34123&month=10&year=2024,2026-10-05
2024-10-06,17.9,https://www.pogodaiklimat.ru/monitor.php?id=34123&month=10&year=2024,2026-10-05
2024-10-07,17.3,https://www.pogodaiklimat.ru/monitor.php?id=34123&month=10&year=2024,2026-10-05
2024-10-08,13.4,https://www.pogodaiklimat.ru/monitor.php?id=34123&month=10&year=2024,2026-10-05
2024-10-09,11.6,https://www.pogodaiklimat.ru/monitor.php?id=34123&month=10&year=2024,2026-10-05
2024-10-10,11.6,https://www.pogodaiklimat.ru/monitor.php?id=34123&month=10&year=2024,2026-10-05
2024-10-11,13.1,https://www.pogodaiklimat.ru/monitor.php?id=34123&month=10&year=2024,2026-10-05
2024-10-12,10.2,https://www.pogodaiklimat.ru/monitor.php?id=34123&month=10&year=2024,2026-10-05
2024-10-13,5.1,https://www.pogodaiklimat.ru/monitor.php?id=34123&month=10&year=2024,2026-10-05
2024-10-14,2.6,https://www.pogodaiklimat.ru/monitor.php?id=34123&month=10&year=2024,2026-10-05
2024-10-15,8.5,https://www.pogodaiklimat.ru/monitor.php?id=34123&month=10&year=2024,2026-10-05
2024-10-16,8.7,https://www.pogodaiklimat.ru/monitor.php?id=34123&month=10&year=2024,2026-10-05
2024-10-17,6.6,https://www.pogodaiklimat.ru/monitor.php?id=34123&month=10&year=2024,2026-10-05
2024-10-18,5.9,https://www.pogodaiklimat.ru/monitor.php?id=34123&month=10&year=2024,2026-10-05
2024-10-19,5.3,https://www.pogodaiklimat.ru/monitor.php?id=34123&month=10&year=2024,2026-10-05
2024-10-20,6.5,https://www.pogodaiklimat.ru/monitor.php?id=34123&month=10&year=2024,2026-10-05
2024-10-21,8.2,https://www.pogodaiklimat.ru/monitor.php?id=34123&month=10&year=2024,2026-10-05
2024-10-22,9.6,https://www.pogodaiklimat.ru/monitor.php?id=34123&month=10&year=2024,2026-10-05
2024-10-23,12.1,https://www.pogodaiklimat.ru/monitor.php?id=34123&month=10&year=2024,2026-10-05
2024-10-24,8.6,https://www.pogodaiklimat.ru/monitor.php?id=34123&month=10&year=2024,2026-10-05
2024-10-25,7.8,https://www.pogodaiklimat.ru/monitor.php?id=34123&month=10&year=2024,2026-10-05
2024-10-26,5.4,https://www.pogodaiklimat.ru/monitor.php?id=34123&month=10&year=2024,2026-10-05
2024-10-27,5.8,https://www.pogodaiklimat.ru/monitor.php?id=34123&month=10&year=2024,2026-10-05
2024-10-28,7.9,https://www.pogodaiklimat.ru/monitor.php?id=34123&month=10&year=2024,2026-10-05
2024-10-29,8.2,https://www.pogodaiklimat.ru/monitor.php?id=34123&month=10&year=2024,2026-10-05
2024-10-30,6.4,https://www.pogodaiklimat.ru/monitor.php?id=34123&month=10&year=2024,2026-10-05
2024-10-31,7.5,https://www.pogodaiklimat.ru/monitor.php?id=34123&month=10&year=2024,2026-10-05
2024-11-01,5.4,https://www.pogodaiklimat.ru/monitor.php?id=34123&month=11&year=2024,2026-10-05
2024-11-02,8.6,https://www.pogodaiklimat.ru/monitor.php?id=34123&month=11&year=2024,2026-10-05
2024-11-03,-0.1,https://www.pogodaiklimat.ru/monitor.php?id=34123&month=11&year=2024,2026-10-05
2024-11-04,-0.0,https://www.pogodaiklimat.ru/monitor.php?id=34123&month=11&year=2024,2026-10-05
2024-11-05,-1.2,https://www.pogodaiklimat.ru/monitor.php?id=34123&month=11&year=2024,2026-10-05
2024-11-06,-0.2,https://www.pogodaiklimat.ru/monitor.php?id=34123&month=11&year=2024,2026-10-05
2024-11-07,5.2,https://www.pogodaiklimat.ru/monitor.php?id=34123&month=11&year=2024,2026-10-05
2024-11-08,5.1,https://www.pogodaiklimat.ru/monitor.php?id=34123&month=11&year=2024,2026-10-05
2024-11-09,3.9,https://www.pogodaiklimat.ru/monitor.php?id=34123&month=11&year=2024,2026-10-05
2024-11-10,4.0,https://www.pogodaiklimat.ru/monitor.php?id=34123&month=11&year=2024,2026-10-05
2024-11-11,4.1,https://www.pogodaiklimat.ru/monitor.php?id=34123&month=11&year=2024,2026-10-05
2024-11-12,1.3,https://www.pogodaiklimat.ru/monitor.php?id=34123&month=11&year=2024,2026-10-05
2024-11-13,1.0,https://www.pogodaiklimat.ru/monitor.php?id=34123&month=11&year=2024,2026-10-05
2024-11-14,0.6,https://www.pogodaiklimat.ru/monitor.php?id=34123&month=11&year=2024,2026-10-05
2024-11-15,0.4,https://www.pogodaiklimat.ru/monitor.php?id=34123&month=11&year=2024,2026-10-05
2024-11-16,1.1,https://www.pogodaiklimat.ru/monitor.php?id=34123&month=11&year=2024,2026-10-05
2024-11-17,3.0,https://www.pogodaiklimat.ru/monitor.php?id=34123&month=11&year=2024,2026-10-05
2024-11-18,3.7,https://www.pogodaiklimat.ru/monitor.php?id=34123&month=11&year=2024,2026-10-05
2024-11-19,4.9,https://www.pogodaiklimat.ru/monitor.php?id=34123&month=11&year=2024,2026-10-05
2024-11-20,2.1,https://www.pogodaiklimat.ru/monitor.php?id=34123&month=11&year=2024,2026-10-05
2024-11-21,6.5,https://www.pogodaiklimat.ru/monitor.php?id=34123&month=11&year=2024,2026-10-05
2024-11-22,3.3,https://www.pogodaiklimat.ru/monitor.php?id=34123&month=11&year=2024,2026-10-05
2024-11-23,4.8,https://www.pogodaiklimat.ru/monitor.php?id=34123&month=11&year=2024,2026-10-05
2024-11-24,2.5,https://www.pogodaiklimat.ru/monitor.php?id=34123&month=11&year=2024,2026-10-05
2024-11-25,-2.0,https://www.pogodaiklimat.ru/monitor.php?id=34123&month=11&year=2024,2026-10-05
2024-11-26,-2.7,https://www.pogodaiklimat.ru/monitor.php?id=34123&month=11&year=2024,2026-10-05
2024-11-27,-3.4,https://www.pogodaiklimat.ru/monitor.php?id=34123&month=11&year=2024,2026-10-05
2024-11-28,-3.3,https://www.pogodaiklimat.ru/monitor.php?id=34123&month=11&year=2024,2026-10-05
2024-11-29,-0.7,https://www.pogodaiklimat.ru/monitor.php?id=34123&month=11&year=2024,2026-10-05
2024-11-30,-1.8,https://www.pogodaiklimat.ru/monitor.php?id=34123&month=11&year=2024,2026-10-05
2024-12-01,-0.3,https://www.pogodaiklimat.ru/monitor.php?id=34123&month=12&year=2024,2026-10-05
2024-12-02,0.2,https://www.pogodaiklimat.ru/monitor.php?id=34123&month=12&year=2024,2026-10-05
2024-12-03,-0.9,https://www.pogodaiklimat.ru/monitor.php?id=34123&month=12&year=2024,2026-10-05
2024-12-04,-0.9,https://www.pogodaiklimat.ru/monitor.php?id=34123&month=12&year=2024,2026-10-05
2024-12-05,-1.6,https://www.pogodaiklimat.ru/monitor.php?id=34123&month=12&year=2024,2026-10-05
2024-12-06,-2.7,https://www.pogodaiklimat.ru/monitor.php?id=34123&month=12&year=2024,2026-10-05
2024-12-07,-2.7,https://www.pogodaiklimat.ru/monitor.php?id=34123&month=12&year=2024,2026-10-05
2024-12-08,-4.1,https://www.pogodaiklimat.ru/monitor.php?id=34123&month=12&year=2024,2026-10-05
2024-12-09,-2.3,https://www.pogodaiklimat.ru/monitor.php?id=34123&month=12&year=2024,2026-10-05
2024-12-10,-1.9,https://www.pogodaiklimat.ru/monitor.php?id=34123&month=12&year=2024,2026-10-05
2024-12-11,-0.3,https://www.pogodaiklimat.ru/monitor.php?id=34123&month=12&year=2024,2026-10-05
2024-12-12,-1.6,https://www.pogodaiklimat.ru/monitor.php?id=34123&month=12&year=2024,2026-10-05
2024-12-13,-4.4,https://www.pogodaiklimat.ru/monitor.php?id=34123&month=12&year=2024,2026-10-05
2024-12-14,-6.8,https://www.pogodaiklimat.ru/monitor.php?id=34123&month=12&year=2024,2026-10-05
2024-12-15,-2.2,https://www.pogodaiklimat.ru/monitor.php?id=34123&month=12&year=2024,2026-10-05
2024-12-16,-0.6,https://www.pogodaiklimat.ru/monitor.php?id=34123&month=12&year=2024,2026-10-05
2024-12-17,1.6,https://www.pogodaiklimat.ru/monitor.php?id=34123&month=12&year=2024,2026-10-05
2024-12-18,-1.9,https://www.pogodaiklimat.ru/monitor.php?id=34123&month=12&year=2024,2026-10-05
2024-12-19,-10.3,https://www.pogodaiklimat.ru/monitor.php?id=34123&month=12&year=2024,2026-10-05
2024-12-20,0.9,https://www.pogodaiklimat.ru/monitor.php?id=34123&month=12&year=2024,2026-10-05
2024-12-21,4.0,https://www.pogodaiklimat.ru/monitor.php?id=34123&month=12&year=2024,2026-10-05
2024-12-22,0.5,https://www.pogodaiklimat.ru/monitor.php?id=34123&month=12&year=2024,2026-10-05
2024-12-23,0.8,https://www.pogodaiklimat.ru/monitor.php?id=34123&month=12&year=2024,2026-10-05
2024-12-24,1.0,https://www.pogodaiklimat.ru/monitor.php?id=34123&month=12&year=2024,2026-10-05
2024-12-25,1.6,https://www.pogodaiklimat.ru/monitor.php?id=34123&month=12&year=2024,2026-10-05
2024-12-26,-0.2,https://www.pogodaiklimat.ru/monitor.php?id=34123&month=12&year=2024,2026-10-05
2024-12-27,-2.5,https://www.pogodaiklimat.ru/monitor.php?id=34123&month=12&year=2024,2026-10-05
2024-12-28,-1.5,https://www.pogodaiklimat.ru/monitor.php?id=34123&month=12&year=2024,2026-10-05
2024-12-29,-2.9,https://www.pogodaiklimat.ru/monitor.php?id=34123&month=12&year=2024,2026-10-05
2024-12-30,-1.3,https://www.pogodaiklimat.ru/monitor.php?id=34123&month=12&year=2024,2026-10-05
2024-12-31,0.3,https://www.pogodaiklimat.ru/monitor.php?id=34123&month=12&year=2024,2026-10-05
2025-01-01,1.5,https://www.pogodaiklimat.ru/monitor.php?id=34123&month=1&year=2025,2026-10-05
2025-01-02,3.9,https://www.pogodaiklimat.ru/monitor.php?id=34123&month=1&year=2025,2026-10-05
2025-01-03,2.7,https://www.pogodaiklimat.ru/monitor.php?id=34123&month=1&year=2025,2026-10-05
2025-01-04,-1.8,https://www.pogodaiklimat.ru/monitor.php?id=34123&month=1&year=2025,2026-10-05
2025-01-05,-3.5,https://www.pogodaiklimat.ru/monitor.php?id=34123&month=1&year=2025,2026-10-05
2025-01-06,-5.6,https://www.pogodaiklimat.ru/monitor.php?id=34123&month=1&year=2025,2026-10-05
2025-01-07,-0.8,https://www.pogodaiklimat.ru/monitor.php?id=34123&month=1&year=2025,2026-10-05
2025-01-08,4.8,https://www.pogodaiklimat.ru/monitor.php?id=34123&month=1&year=2025,2026-10-05
2025-01-09,5.2,https://www.pogodaiklimat.ru/monitor.php?id=34123&month=1&year=2025,2026-10-05
2025-01-10,2.1,https://www.pogodaiklimat.ru/monitor.php?id=34123&month=1&year=2025,2026-10-05
2025-01-11,4.0,https://www.pogodaiklimat.ru/monitor.php?id=34123&month=1&year=2025,2026-10-05
2025-01-12,0.8,https://www.pogodaiklimat.ru/monitor.php?id=34123&month=1&year=2025,2026-10-05
2025-01-13,-1.7,https://www.pogodaiklimat.ru/monitor.php?id=34123&month=1&year=2025,2026-10-05
2025-01-14,-2.3,https://www.pogodaiklimat.ru/monitor.php?id=34123&month=1&year=2025,2026-10-05
2025-01-15,-1.6,https://www.pogodaiklimat.ru/monitor.php?id=34123&month=1&year=2025,2026-10-05
2025-01-16,0.0,https://www.pogodaiklimat.ru/monitor.php?id=34123&month=1&year=2025,2026-10-05
2025-01-17,1.0,https://www.pogodaiklimat.ru/monitor.php?id=34123&month=1&year=2025,2026-10-05
2025-01-18,1.3,https://www.pogodaiklimat.ru/monitor.php?id=34123&month=1&year=2025,2026-10-05
2025-01-19,1.2,https://www.pogodaiklimat.ru/monitor.php?id=34123&month=1&year=2025,2026-10-05
2025-01-20,-0.2,https://www.pogodaiklimat.ru/monitor.php?id=34123&month=1&year=2025,2026-10-05
2025-01-21,-0.0,https://www.pogodaiklimat.ru/monitor.php?id=34123&month=1&year=2025,2026-10-05
2025-01-22,-4.0,https://www.pogodaiklimat.ru/monitor.php?id=34123&month=1&year=2025,2026-10-05
2025-01-23,-4.9,https://www.pogodaiklimat.ru/monitor.php?id=34123&month=1&year=2025,2026-10-05
2025-01-24,-4.1,https://www.pogodaiklimat.ru/monitor.php?id=34123&month=1&year=2025,2026-10-05
2025-01-25,-1.4,https://www.pogodaiklimat.ru/monitor.php?id=34123&month=1&year=2025,2026-10-05
2025-01-26,1.2,https://www.pogodaiklimat.ru/monitor.php?id=34123&month=1&year=2025,2026-10-05
2025-01-27,3.2,https://www.pogodaiklimat.ru/monitor.php?id=34123&month=1&year=2025,2026-10-05
2025-01-28,2.4,https://www.pogodaiklimat.ru/monitor.php?id=34123&month=1&year=2025,2026-10-05
2025-01-29,1.1,https://www.pogodaiklimat.ru/monitor.php?id=34123&month=1&year=2025,2026-10-05
2025-01-30,2.1,https://www.pogodaiklimat.ru/monitor.php?id=34123&month=1&year=2025,2026-10-05
2025-01-31,4.5,https://www.pogodaiklimat.ru/monitor.php?id=34123&month=1&year=2025,2026-10-05
2025-02-01,4.1,https://www.pogodaiklimat.ru/monitor.php?id=34123&month=2&year=2025,2026-10-05
2025-02-02,2.1,https://www.pogodaiklimat.ru/monitor.php?id=34123&month=2&year=2025,2026-10-05
2025-02-03,-0.0,https://www.pogodaiklimat.ru/monitor.php?id=34123&month=2&year=2025,2026-10-05
2025-02-04,-2.0,https://www.pogodaiklimat.ru/monitor.php?id=34123&month=2&year=2025,2026-10-05
2025-02-05,-1.8,https://www.pogodaiklimat.ru/monitor.php?id=34123&month=2&year=2025,2026-10-05
2025-02-06,-3.1,https://www.pogodaiklimat.ru/monitor.php?id=34123&month=2&year=2025,2026-10-05
2025-02-07,-8.6,https://www.pogodaiklimat.ru/monitor.php?id=34123&month=2&year=2025,2026-10-05
2025-02-08,-6.6,https://www.pogodaiklimat.ru/monitor.php?id=34123&month=2&year=2025,2026-10-05
2025-02-09,-10.2,https://www.pogodaiklimat.ru/monitor.php?id=34123&month=2&year=2025,2026-10-05
2025-02-10,-9.6,https://www.pogodaiklimat.ru/monitor.php?id=34123&month=2&year=2025,2026-10-05
2025-02-11,-10.1,https://www.pogodaiklimat.ru/monitor.php?id=34123&month=2&year=2025,2026-10-05
2025-02-12,-9.2,https://www.pogodaiklimat.ru/monitor.php?id=34123&month=2&year=2025,2026-10-05
2025-02-13,-10.6,https://www.pogodaiklimat.ru/monitor.php?id=34123&month=2&year=2025,2026-10-05
2025-02-14,-8.4,https://www.pogodaiklimat.ru/monitor.php?id=34123&month=2&year=2025,2026-10-05
2025-02-15,-3.1,https://www.pogodaiklimat.ru/monitor.php?id=34123&month=2&year=2025,2026-10-05
2025-02-16,-10.3,https://www.pogodaiklimat.ru/monitor.php?id=34123&month=2&year=2025,2026-10-05
2025-02-17,-11.2,https://www.pogodaiklimat.ru/monitor.php?id=34123&month=2&year=2025,2026-10-05
2025-02-18,-10.3,https://www.pogodaiklimat.ru/monitor.php?id=34123&month=2&year=2025,2026-10-05
2025-02-19,-7.3,https://www.pogodaiklimat.ru/monitor.php?id=34123&month=2&year=2025,2026-10-05
2025-02-20,-6.8,https://www.pogodaiklimat.ru/monitor.php?id=34123&month=2&year=2025,2026-10-05
2025-02-21,-7.3,https://www.pogodaiklimat.ru/monitor.php?id=34123&month=2&year=2025,2026-10-05
2025-02-22,-9.3,https://www.pogodaiklimat.ru/monitor.php?id=34123&month=2&year=2025,2026-10-05
2025-02-23,-7.2,https://www.pogodaiklimat.ru/monitor.php?id=34123&month=2&year=2025,2026-10-05
2025-02-24,-6.9,https://www.pogodaiklimat.ru/monitor.php?id=34123&month=2&year=2025,2026-10-05
2025-02-25,-9.8,https://www.pogodaiklimat.ru/monitor.php?id=34123&month=2&year=2025,2026-10-05
2025-02-26,-10.5,https://www.pogodaiklimat.ru/monitor.php?id=34123&month=2&year=2025,2026-10-05
2025-02-27,-9.0,https://www.pogodaiklimat.ru/monitor.php?id=34123&month=2&year=2025,2026-10-05
2025-02-28,-5.7,https://www.pogodaiklimat.ru/monitor.php?id=34123&month=2&year=2025,2026-10-05
2025-03-01,-3.1,https://www.pogodaiklimat.ru/monitor.php?id=34123&month=3&year=2025,2026-10-05
2025-03-02,-3.8,https://www.pogodaiklimat.ru/monitor.php?id=34123&month=3&year=2025,2026-10-05
2025-03-03,-0.4,https://www.pogodaiklimat.ru/monitor.php?id=34123&month=3&year=2025,2026-10-05
2025-03-04,1.6,https://www.pogodaiklimat.ru/monitor.php?id=34123&month=3&year=2025,2026-10-05
2025-03-05,2.4,https://www.pogodaiklimat.ru/monitor.php?id=34123&month=3&year=2025,2026-10-05
2025-03-06,5.6,https://www.pogodaiklimat.ru/monitor.php?id=34123&month=3&year=2025,2026-10-05
2025-03-07,9.5,https://www.pogodaiklimat.ru/monitor.php?id=34123&month=3&year=2025,2026-10-05
2025-03-08,6.6,https://www.pogodaiklimat.ru/monitor.php?id=34123&month=3&year=2025,2026-10-05
2025-03-09,7.7,https://www.pogodaiklimat.ru/monitor.php?id=34123&month=3&year=2025,2026-10-05
2025-03-10,9.2,https://www.pogodaiklimat.ru/monitor.php?id=34123&month=3&year=2025,2026-10-05
2025-03-11,5.7,https://www.pogodaiklimat.ru/monitor.php?id=34123&month=3&year=2025,2026-10-05
2025-03-12,6.4,https://www.pogodaiklimat.ru/monitor.php?id=34123&month=3&year=2025,2026-10-05
2025-03-13,10.0,https://www.pogodaiklimat.ru/monitor.php?id=34123&month=3&year=2025,2026-10-05
2025-03-14,14.6,https://www.pogodaiklimat.ru/monitor.php?id=34123&month=3&year=2025,2026-10-05
2025-03-15,10.3,https://www.pogodaiklimat.ru/monitor.php?id=34123&month=3&year=2025,2026-10-05
2025-03-16,1.5,https://www.pogodaiklimat.ru/monitor.php?id=34123&month=3&year=2025,2026-10-05
2025-03-17,0.4,https://www.pogodaiklimat.ru/monitor.php?id=34123&month=3&year=2025,2026-10-05
2025-03-18,-0.5,https://www.pogodaiklimat.ru/monitor.php?id=34123&month=3&year=2025,2026-10-05
2025-03-19,-1.1,https://www.pogodaiklimat.ru/monitor.php?id=34123&month=3&year=2025,2026-10-05
2025-03-20,4.4,https://www.pogodaiklimat.ru/monitor.php?id=34123&month=3&year=2025,2026-10-05
2025-03-21,5.4,https://www.pogodaiklimat.ru/monitor.php?id=34123&month=3&year=2025,2026-10-05
2025-03-22,8.6,https://www.pogodaiklimat.ru/monitor.php?id=34123&month=3&year=2025,2026-10-05
2025-03-23,3.9,https://www.pogodaiklimat.ru/monitor.php?id=34123&month=3&year=2025,2026-10-05
2025-03-24,4.7,https://www.pogodaiklimat.ru/monitor.php?id=34123&month=3&year=2025,2026-10-05
2025-03-25,6.0,https://www.pogodaiklimat.ru/monitor.php?id=34123&month=3&year=2025,2026-10-05
2025-03-26,7.2,https://www.pogodaiklimat.ru/monitor.php?id=34123&month=3&year=2025,2026-10-05
2025-03-27,6.4,https://www.pogodaiklimat.ru/monitor.php?id=34123&month=3&year=2025,2026-10-05
2025-03-28,6.8,https://www.pogodaiklimat.ru/monitor.php?id=34123&month=3&year=2025,2026-10-05
2025-03-29,7.0,https://www.pogodaiklimat.ru/monitor.php?id=34123&month=3&year=2025,2026-10-05
2025-03-30,7.2,https://www.pogodaiklimat.ru/monitor.php?id=34123&month=3&year=2025,2026-10-05
2025-03-31,9.9,https://www.pogodaiklimat.ru/monitor.php?id=34123&month=3&year=2025,2026-10-05
2025-04-01,11.4,https://www.pogodaiklimat.ru/monitor.php?id=34123&month=4&year=2025,2026-10-05
2025-04-02,11.4,https://www.pogodaiklimat.ru/monitor.php?id=34123&month=4&year=2025,2026-10-05
2025-04-03,11.3,https://www.pogodaiklimat.ru/monitor.php?id=34123&month=4&year=2025,2026-10-05
2025-04-04,12.4,https://www.pogodaiklimat.ru/monitor.php?id=34123&month=4&year=2025,2026-10-05
2025-04-05,13.8,https://www.pogodaiklimat.ru/monitor.php?id=34123&month=4&year=2025,2026-10-05
2025-04-06,11.3,https://www.pogodaiklimat.ru/monitor.php?id=34123&month=4&year=2025,2026-10-05
2025-04-07,8.6,https://www.pogodaiklimat.ru/monitor.php?id=34123&month=4&year=2025,2026-10-05
2025-04-08,2.2,https://www.pogodaiklimat.ru/monitor.php?id=34123&month=4&year=2025,2026-10-05
2025-04-09,0.7,https://www.pogodaiklimat.ru/monitor.php?id=34123&month=4&year=2025,2026-10-05
2025-04-10,2.4,https://www.pogodaiklimat.ru/monitor.php?id=34123&month=4&year=2025,2026-10-05
2025-04-11,4.5,https://www.pogodaiklimat.ru/monitor.php?id=34123&month=4&year=2025,2026-10-05
2025-04-12,7.3,https://www.pogodaiklimat.ru/monitor.php?id=34123&month=4&year=2025,2026-10-05
2025-04-13,6.0,https://www.pogodaiklimat.ru/monitor.php?id=34123&month=4&year=2025,2026-10-05
2025-04-14,9.3,https://www.pogodaiklimat.ru/monitor.php?id=34123&month=4&year=2025,2026-10-05
2025-04-15,13.9,https://www.pogodaiklimat.ru/monitor.php?id=34123&month=4&year=2025,2026-10-05
2025-04-16,15.4,https://www.pogodaiklimat.ru/monitor.php?id=34123&month=4&year=2025,2026-10-05
2025-04-17,15.9,https://www.pogodaiklimat.ru/monitor.php?id=34123&month=4&year=2025,2026-10-05
2025-04-18,17.5,https://www.pogodaiklimat.ru/monitor.php?id=34123&month=4&year=2025,2026-10-05
2025-04-19,19.4,https://www.pogodaiklimat.ru/monitor.php?id=34123&month=4&year=2025,2026-10-05
2025-04-20,17.3,https://www.pogodaiklimat.ru/monitor.php?id=34123&month=4&year=2025,2026-10-05
2025-04-21,16.7,https://www.pogodaiklimat.ru/monitor.php?id=34123&month=4&year=2025,2026-10-05
2025-04-22,17.1,https://www.pogodaiklimat.ru/monitor.php?id=34123&month=4&year=2025,2026-10-05
2025-04-23,18.4,https://www.pogodaiklimat.ru/monitor.php?id=34123&month=4&year=2025,2026-10-05
2025-04-24,17.9,https://www.pogodaiklimat.ru/monitor.php?id=34123&month=4&year=2025,2026-10-05
2025-04-25,18.1,https://www.pogodaiklimat.ru/monitor.php?id=34123&month=4&year=2025,2026-10-05
2025-04-26,10.4,https://www.pogodaiklimat.ru/monitor.php?id=34123&month=4&year=2025,2026-10-05
2025-04-27,3.1,https://www.pogodaiklimat.ru/monitor.php?id=34123&month=4&year=2025,2026-10-05
2025-04-28,3.6,https://www.pogodaiklimat.ru/monitor.php?id=34123&month=4&year=2025,2026-10-05
2025-04-29,9.2,https://www.pogodaiklimat.ru/monitor.php?id=34123&month=4&year=2025,2026-10-05
2025-04-30,13.7,https://www.pogodaiklimat.ru/monitor.php?id=34123&month=4&year=2025,2026-10-05
2025-05-01,11.8,https://www.pogodaiklimat.ru/monitor.php?id=34123&month=5&year=2025,2026-10-05
2025-05-02,6.6,https://www.pogodaiklimat.ru/monitor.php?id=34123&month=5&year=2025,2026-10-05
2025-05-03,9.8,https://www.pogodaiklimat.ru/monitor.php?id=34123&month=5&year=2025,2026-10-05
2025-05-04,19.0,https://www.pogodaiklimat.ru/monitor.php?id=34123&month=5&year=2025,2026-10-05
2025-05-05,18.8,https://www.pogodaiklimat.ru/monitor.php?id=34123&month=5&year=2025,2026-10-05
2025-05-06,13.4,https://www.pogodaiklimat.ru/monitor.php?id=34123&month=5&year=2025,2026-10-05
2025-05-07,11.3,https://www.pogodaiklimat.ru/monitor.php?id=34123&month=5&year=2025,2026-10-05
2025-05-08,11.7,https://www.pogodaiklimat.ru/monitor.php?id=34123&month=5&year=2025,2026-10-05
2025-05-09,12.9,https://www.pogodaiklimat.ru/monitor.php?id=34123&month=5&year=2025,2026-10-05
2025-05-10,8.5,https://www.pogodaiklimat.ru/monitor.php?id=34123&month=5&year=2025,2026-10-05
2025-05-11,7.8,https://www.pogodaiklimat.ru/monitor.php?id=34123&month=5&year=2025,2026-10-05
2025-05-12,7.7,https://www.pogodaiklimat.ru/monitor.php?id=34123&month=5&year=2025,2026-10-05
2025-05-13,9.5,https://www.pogodaiklimat.ru/monitor.php?id=34123&month=5&year=2025,2026-10-05
2025-05-14,10.0,https://www.pogodaiklimat.ru/monitor.php?id=34123&month=5&year=2025,2026-10-05
2025-05-15,12.5,https://www.pogodaiklimat.ru/monitor.php?id=34123&month=5&year=2025,2026-10-05
2025-05-16,15.6,https://www.pogodaiklimat.ru/monitor.php?id=34123&month=5&year=2025,2026-10-05
2025-05-17,16.9,https://www.pogodaiklimat.ru/monitor.php?id=34123&month=5&year=2025,2026-10-05
2025-05-18,16.8,https://www.pogodaiklimat.ru/monitor.php?id=34123&month=5&year=2025,2026-10-05
2025-05-19,15.4,https://www.pogodaiklimat.ru/monitor.php?id=34123&month=5&year=2025,2026-10-05
2025-05-20,14.3,https://www.pogodaiklimat.ru/monitor.php?id=34123&month=5&year=2025,2026-10-05
2025-05-21,15.4,https://www.pogodaiklimat.ru/monitor.php?id=34123&month=5&year=2025,2026-10-05
2025-05-22,18.7,https://www.pogodaiklimat.ru/monitor.php?id=34123&month=5&year=2025,2026-10-05
2025-05-23,18.3,https://www.pogodaiklimat.ru/monitor.php?id=34123&month=5&year=2025,2026-10-05
2025-05-24,20.3,https://www.pogodaiklimat.ru/monitor.php?id=34123&month=5&year=2025,2026-10-05
2025-05-25,20.8,https://www.pogodaiklimat.ru/monitor.php?id=34123&month=5&year=2025,2026-10-05
2025-05-26,20.8,https://www.pogodaiklimat.ru/monitor.php?id=34123&month=5&year=2025,2026-10-05
2025-05-27,20.5,https://www.pogodaiklimat.ru/monitor.php?id=34123&month=5&year=2025,2026-10-05
2025-05-28,20.9,https://www.pogodaiklimat.ru/monitor.php?id=34123&month=5&year=2025,2026-10-05
2025-05-29,23.3,https://www.pogodaiklimat.ru/monitor.php?id=34123&month=5&year=2025,2026-10-05
2025-05-30,22.4,https://www.pogodaiklimat.ru/monitor.php?id=34123&month=5&year=2025,2026-10-05
2025-05-31,22.2,https://www.pogodaiklimat.ru/monitor.php?id=34123&month=5&year=2025,2026-10-05
2025-06-01,20.1,https://www.pogodaiklimat.ru/monitor.php?id=34123&month=6&year=2025,2026-10-05
2025-06-02,19.1,https://www.pogodaiklimat.ru/monitor.php?id=34123&month=6&year=2025,2026-10-05
2025-06-03,20.6,https://www.pogodaiklimat.ru/monitor.php?id=34123&month=6&year=2025,2026-10-05
2025-06-04,17.8,https://www.pogodaiklimat.ru/monitor.php?id=34123&month=6&year=2025,2026-10-05
2025-06-05,18.3,https://www.pogodaiklimat.ru/monitor.php?id=34123&month=6&year=2025,2026-10-05
2025-06-06,20.5,https://www.pogodaiklimat.ru/monitor.php?id=34123&month=6&year=2025,2026-10-05
2025-06-07,24.7,https://www.pogodaiklimat.ru/monitor.php?id=34123&month=6&year=2025,2026-10-05
2025-06-08,26.2,https://www.pogodaiklimat.ru/monitor.php?id=34123&month=6&year=2025,2026-10-05
2025-06-09,27.5,https://www.pogodaiklimat.ru/monitor.php?id=34123&month=6&year=2025,2026-10-05
2025-06-10,20.6,https://www.pogodaiklimat.ru/monitor.php?id=34123&month=6&year=2025,2026-10-05
2025-06-11,17.9,https://www.pogodaiklimat.ru/monitor.php?id=34123&month=6&year=2025,2026-10-05
2025-06-12,20.0,https://www.pogodaiklimat.ru/monitor.php?id=34123&month=6&year=2025,2026-10-05
2025-06-13,15.5,https://www.pogodaiklimat.ru/monitor.php?id=34123&month=6&year=2025,2026-10-05
2025-06-14,14.9,https://www.pogodaiklimat.ru/monitor.php?id=34123&month=6&year=2025,2026-10-05
2025-06-15,16.0,https://www.pogodaiklimat.ru/monitor.php?id=34123&month=6&year=2025,2026-10-05
2025-06-16,17.2,https://www.pogodaiklimat.ru/monitor.php?id=34123&month=6&year=2025,2026-10-05
2025-06-17,20.2,https://www.pogodaiklimat.ru/monitor.php?id=34123&month=6&year=2025,2026-10-05
2025-06-18,17.7,https://www.pogodaiklimat.ru/monitor.php?id=34123&month=6&year=2025,2026-10-05
2025-06-19,16.8,https://www.pogodaiklimat.ru/monitor.php?id=34123&month=6&year=2025,2026-10-05
2025-06-20,13.9,https://www.pogodaiklimat.ru/monitor.php?id=34123&month=6&year=2025,2026-10-05
2025-06-21,13.5,https://www.pogodaiklimat.ru/monitor.php?id=34123&month=6&year=2025,2026-10-05
2025-06-22,15.8,https://www.pogodaiklimat.ru/monitor.php?id=34123&month=6&year=2025,2026-10-05
2025-06-23,15.2,https://www.pogodaiklimat.ru/monitor.php?id=34123&month=6&year=2025,2026-10-05
2025-06-24,16.1,https://www.pogodaiklimat.ru/monitor.php?id=34123&month=6&year=2025,2026-10-05
2025-06-25,18.5,https://www.pogodaiklimat.ru/monitor.php?id=34123&month=6&year=2025,2026-10-05
2025-06-26,16.9,https://www.pogodaiklimat.ru/monitor.php?id=34123&month=6&year=2025,2026-10-05
2025-06-27,15.9,https://www.pogodaiklimat.ru/monitor.php?id=34123&month=6&year=2025,2026-10-05
2025-06-28,16.5,https://www.pogodaiklimat.ru/monitor.php?id=34123&month=6&year=2025,2026-10-05
2025-06-29,17.9,https://www.pogodaiklimat.ru/monitor.php?id=34123&month=6&year=2025,2026-10-05
2025-06-30,17.4,https://www.pogodaiklimat.ru/monitor.php?id=34123&month=6&year=2025,2026-10-05
2025-07-01,14.5,https://www.pogodaiklimat.ru/monitor.php?id=34123&month=7&year=2025,2026-10-05
2025-07-02,15.3,https://www.pogodaiklimat.ru/monitor.php?id=34123&month=7&year=2025,2026-10-05
2025-07-03,17.3,https://www.pogodaiklimat.ru/monitor.php?id=34123&month=7&year=2025,2026-10-05
2025-07-04,23.4,https://www.pogodaiklimat.ru/monitor.php?id=34123&month=7&year=2025,2026-10-05
2025-07-05,22.4,https://www.pogodaiklimat.ru/monitor.php?id=34123&month=7&year=2025,2026-10-05
2025-07-06,19.5,https://www.pogodaiklimat.ru/monitor.php?id=34123&month=7&year=2025,2026-10-05
2025-07-07,21.5,https://www.pogodaiklimat.ru/monitor.php?id=34123&month=7&year=2025,2026-10-05
2025-07-08,26.4,https://www.pogodaiklimat.ru/monitor.php?id=34123&month=7&year=2025,2026-10-05
2025-07-09,28.1,https://www.pogodaiklimat.ru/monitor.php?id=34123&month=7&year=2025,2026-10-05
2025-07-10,28.3,https://www.pogodaiklimat.ru/monitor.php?id=34123&month=7&year=2025,2026-10-05
2025-07-11,29.4,https://www.pogodaiklimat.ru/monitor.php?id=34123&month=7&year=2025,2026-10-05
2025-07-12,28.8,https://www.pogodaiklimat.ru/monitor.php?id=34123&month=7&year=2025,2026-10-05
2025-07-13,28.9,https://www.pogodaiklimat.ru/monitor.php?id=34123&month=7&year=2025,2026-10-05
2025-07-14,25.1,https://www.pogodaiklimat.ru/monitor.php?id=34123&month=7&year=2025,2026-10-05
2025-07-15,22.0,https://www.pogodaiklimat.ru/monitor.php?id=34123&month=7&year=2025,2026-10-05
2025-07-16,23.1,https://www.pogodaiklimat.ru/monitor.php?id=34123&month=7&year=2025,2026-10-05
2025-07-17,23.2,https://www.pogodaiklimat.ru/monitor.php?id=34123&month=7&year=2025,2026-10-05
2025-07-18,23.8,https://www.pogodaiklimat.ru/monitor.php?id=34123&month=7&year=2025,2026-10-05
2025-07-19,23.8,https://www.pogodaiklimat.ru/monitor.php?id=34123&month=7&year=2025,2026-10-05
2025-07-20,22.7,https://www.pogodaiklimat.ru/monitor.php?id=34123&month=7&year=2025,2026-10-05
2025-07-21,21.5,https://www.pogodaiklimat.ru/monitor.php?id=34123&month=7&year=2025,2026-10-05
2025-07-22,21.0,https://www.pogodaiklimat.ru/monitor.php?id=34123&month=7&year=2025,2026-10-05
2025-07-23,22.0,https://www.pogodaiklimat.ru/monitor.php?id=34123&month=7&year=2025,2026-10-05
2025-07-24,21.4,https://www.pogodaiklimat.ru/monitor.php?id=34123&month=7&year=2025,2026-10-05
2025-07-25,22.7,https://www.pogodaiklimat.ru/monitor.php?id=34123&month=7&year=2025,2026-10-05
2025-07-26,22.2,https://www.pogodaiklimat.ru/monitor.php?id=34123&month=7&year=2025,2026-10-05
2025-07-27,21.9,https://www.pogodaiklimat.ru/monitor.php?id=34123&month=7&year=2025,2026-10-05
2025-07-28,22.1,https://www.pogodaiklimat.ru/monitor.php?id=34123&month=7&year=2025,2026-10-05
2025-07-29,23.6,https://www.pogodaiklimat.ru/monitor.php?id=34123&month=7&year=2025,2026-10-05
2025-07-30,23.4,https://www.pogodaiklimat.ru/monitor.php?id=34123&month=7&year=2025,2026-10-05
2025-07-31,24.8,https://www.pogodaiklimat.ru/monitor.php?id=34123&month=7&year=2025,2026-10-05
2025-08-01,24.4,https://www.pogodaiklimat.ru/monitor.php?id=34123&month=8&year=2025,2026-10-05
2025-08-02,22.8,https://www.pogodaiklimat.ru/monitor.php?id=34123&month=8&year=2025,2026-10-05
2025-08-03,23.4,https://www.pogodaiklimat.ru/monitor.php?id=34123&month=8&year=2025,2026-10-05
2025-08-04,21.8,https://www.pogodaiklimat.ru/monitor.php?id=34123&month=8&year=2025,2026-10-05
2025-08-05,21.8,https://www.pogodaiklimat.ru/monitor.php?id=34123&month=8&year=2025,2026-10-05
2025-08-06,23.5,https://www.pogodaiklimat.ru/monitor.php?id=34123&month=8&year=2025,2026-10-05
2025-08-07,21.1,https://www.pogodaiklimat.ru/monitor.php?id=34123&month=8&year=2025,2026-10-05
2025-08-08,19.4,https://www.pogodaiklimat.ru/monitor.php?id=34123&month=8&year=2025,2026-10-05
2025-08-09,17.1,https://www.pogodaiklimat.ru/monitor.php?id=34123&month=8&year=2025,2026-10-05
2025-08-10,18.7,https://www.pogodaiklimat.ru/monitor.php?id=34123&month=8&year=2025,2026-10-05
2025-08-11,17.2,https://www.pogodaiklimat.ru/monitor.php?id=34123&month=8&year=2025,2026-10-05
2025-08-12,17.7,https://www.pogodaiklimat.ru/monitor.php?id=34123&month=8&year=2025,2026-10-05
2025-08-13,18.3,https://www.pogodaiklimat.ru/monitor.php?id=34123&month=8&year=2025,2026-10-05
2025-08-14,18.0,https://www.pogodaiklimat.ru/monitor.php?id=34123&month=8&year=2025,2026-10-05
2025-08-15,15.8,https://www.pogodaiklimat.ru/monitor.php?id=34123&month=8&year=2025,2026-10-05
2025-08-16,19.5,https://www.pogodaiklimat.ru/monitor.php?id=34123&month=8&year=2025,2026-10-05
2025-08-17,22.1,https://www.pogodaiklimat.ru/monitor.php?id=34123&month=8&year=2025,2026-10-05
2025-08-18,18.3,https://www.pogodaiklimat.ru/monitor.php?id=34123&month=8&year=2025,2026-10-05
2025-08-19,17.1,https://www.pogodaiklimat.ru/monitor.php?id=34123&month=8&year=2025,2026-10-05
2025-08-20,18.1,https://www.pogodaiklimat.ru/monitor.php?id=34123&month=8&year=2025,2026-10-05
2025-08-21,18.7,https://www.pogodaiklimat.ru/monitor.php?id=34123&month=8&year=2025,2026-10-05
2025-08-22,18.1,https://www.pogodaiklimat.ru/monitor.php?id=34123&month=8&year=2025,2026-10-05
2025-08-23,20.9,https://www.pogodaiklimat.ru/monitor.php?id=34123&month=8&year=2025,2026-10-05
2025-08-24,16.0,https://www.pogodaiklimat.ru/monitor.php?id=34123&month=8&year=2025,2026-10-05
2025-08-25,14.1,https://www.pogodaiklimat.ru/monitor.php?id=34123&month=8&year=2025,2026-10-05
2025-08-26,15.5,https://www.pogodaiklimat.ru/monitor.php?id=34123&month=8&year=2025,2026-10-05
2025-08-27,13.3,https://www.pogodaiklimat.ru/monitor.php?id=34123&month=8&year=2025,2026-10-05
2025-08-28,14.6,https://www.pogodaiklimat.ru/monitor.php?id=34123&month=8&year=2025,2026-10-05
2025-08-29,16.9,https://www.pogodaiklimat.ru/monitor.php?id=34123&month=8&year=2025,2026-10-05
2025-08-30,20.9,https://www.pogodaiklimat.ru/monitor.php?id=34123&month=8&year=2025,2026-10-05
2025-08-31,22.0,https://www.pogodaiklimat.ru/monitor.php?id=34123&month=8&year=2025,2026-10-05
2025-09-01,23.0,https://www.pogodaiklimat.ru/monitor.php?id=34123&month=9&year=2025,2026-10-05
2025-09-02,20.5,https://www.pogodaiklimat.ru/monitor.php?id=34123&month=9&year=2025,2026-10-05
2025-09-03,16.3,https://www.pogodaiklimat.ru/monitor.php?id=34123&month=9&year=2025,2026-10-05
2025-09-04,15.2,https://www.pogodaiklimat.ru/monitor.php?id=34123&month=9&year=2025,2026-10-05
2025-09-05,16.4,https://www.pogodaiklimat.ru/monitor.php?id=34123&month=9&year=2025,2026-10-05
2025-09-06,15.9,https://www.pogodaiklimat.ru/monitor.php?id=34123&month=9&year=2025,2026-10-05
2025-09-07,18.8,https://www.pogodaiklimat.ru/monitor.php?id=34123&month=9&year=2025,2026-10-05
2025-09-08,17.7,https://www.pogodaiklimat.ru/monitor.php?id=34123&month=9&year=2025,2026-10-05
2025-09-09,19.9,https://www.pogodaiklimat.ru/monitor.php?id=34123&month=9&year=2025,2026-10-05
2025-09-10,17.1,https://www.pogodaiklimat.ru/monitor.php?id=34123&month=9&year=2025,2026-10-05
2025-09-11,15.1,https://www.pogodaiklimat.ru/monitor.php?id=34123&month=9&year=2025,2026-10-05
2025-09-12,14.9,https://www.pogodaiklimat.ru/monitor.php?id=34123&month=9&year=2025,2026-10-05
2025-09-13,13.0,https://www.pogodaiklimat.ru/monitor.php?id=34123&month=9&year=2025,2026-10-05
2025-09-14,14.6,https://www.pogodaiklimat.ru/monitor.php?id=34123&month=9&year=2025,2026-10-05
2025-09-15,16.8,https://www.pogodaiklimat.ru/monitor.php?id=34123&month=9&year=2025,2026-10-05
2025-09-16,15.2,https://www.pogodaiklimat.ru/monitor.php?id=34123&month=9&year=2025,2026-10-05
2025-09-17,14.8,https://www.pogodaiklimat.ru/monitor.php?id=34123&month=9&year=2025,2026-10-05
2025-09-18,15.8,https://www.pogodaiklimat.ru/monitor.php?id=34123&month=9&year=2025,2026-10-05
2025-09-19,15.2,https://www.pogodaiklimat.ru/monitor.php?id=34123&month=9&year=2025,2026-10-05
2025-09-20,15.6,https://www.pogodaiklimat.ru/monitor.php?id=34123&month=9&year=2025,2026-10-05
2025-09-21,14.4,https://www.pogodaiklimat.ru/monitor.php?id=34123&month=9&year=2025,2026-10-05
2025-09-22,21.5,https://www.pogodaiklimat.ru/monitor.php?id=34123&month=9&year=2025,2026-10-05
2025-09-23,23.6,https://www.pogodaiklimat.ru/monitor.php?id=34123&month=9&year=2025,2026-10-05
2025-09-24,15.9,https://www.pogodaiklimat.ru/monitor.php?id=34123&month=9&year=2025,2026-10-05
2025-09-25,8.2,https://www.pogodaiklimat.ru/monitor.php?id=34123&month=9&year=2025,2026-10-05
2025-09-26,9.3,https://www.pogodaiklimat.ru/monitor.php?id=34123&month=9&year=2025,2026-10-05
2025-09-27,10.3,https://www.pogodaiklimat.ru/monitor.php?id=34123&month=9&year=2025,2026-10-05
2025-09-28,10.5,https://www.pogodaiklimat.ru/monitor.php?id=34123&month=9&year=2025,2026-10-05
2025-09-29,9.8,https://www.pogodaiklimat.ru/monitor.php?id=34123&month=9&year=2025,2026-10-05
2025-09-30,7.1,https://www.pogodaiklimat.ru/monitor.php?id=34123&month=9&year=2025,2026-10-05
2025-10-01,6.4,https://www.pogodaiklimat.ru/monitor.php?id=34123&month=10&year=2025,2026-10-05
2025-10-02,7.7,https://www.pogodaiklimat.ru/monitor.php?id=34123&month=10&year=2025,2026-10-05
2025-10-03,9.1,https://www.pogodaiklimat.ru/monitor.php?id=34123&month=10&year=2025,2026-10-05
2025-10-04,11.6,https://www.pogodaiklimat.ru/monitor.php?id=34123&month=10&year=2025,2026-10-05
2025-10-05,11.0,https://www.pogodaiklimat.ru/monitor.php?id=34123&month=10&year=2025,2026-10-05
2025-10-06,10.6,https://www.pogodaiklimat.ru/monitor.php?id=34123&month=10&year=2025,2026-10-05
2025-10-07,10.9,https://www.pogodaiklimat.ru/monitor.php?id=34123&month=10&year=2025,2026-10-05
2025-10-08,12.6,https://www.pogodaiklimat.ru/monitor.php?id=34123&month=10&year=2025,2026-10-05
2025-10-09,13.8,https://www.pogodaiklimat.ru/monitor.php?id=34123&month=10&year=2025,2026-10-05
2025-10-10,11.9,https://www.pogodaiklimat.ru/monitor.php?id=34123&month=10&year=2025,2026-10-05
2025-10-11,8.5,https://www.pogodaiklimat.ru/monitor.php?id=34123&month=10&year=2025,2026-10-05
2025-10-12,9.0,https://www.pogodaiklimat.ru/monitor.php?id=34123&month=10&year=2025,2026-10-05
2025-10-13,7.1,https://www.pogodaiklimat.ru/monitor.php?id=34123&month=10&year=2025,2026-10-05
2025-10-14,5.7,https://www.pogodaiklimat.ru/monitor.php?id=34123&month=10&year=2025,2026-10-05
2025-10-15,4.7,https://www.pogodaiklimat.ru/monitor.php?id=34123&month=10&year=2025,2026-10-05
2025-10-16,5.5,https://www.pogodaiklimat.ru/monitor.php?id=34123&month=10&year=2025,2026-10-05
2025-10-17,7.8,https://www.pogodaiklimat.ru/monitor.php?id=34123&month=10&year=2025,2026-10-05
2025-10-18,9.1,https://www.pogodaiklimat.ru/monitor.php?id=34123&month=10&year=2025,2026-10-05
2025-10-19,8.1,https://www.pogodaiklimat.ru/monitor.php?id=34123&month=10&year=2025,2026-10-05
2025-10-20,8.2,https://www.pogodaiklimat.ru/monitor.php?id=34123&month=10&year=2025,2026-10-05
2025-10-21,4.4,https://www.pogodaiklimat.ru/monitor.php?id=34123&month=10&year=2025,2026-10-05
2025-10-22,4.0,https://www.pogodaiklimat.ru/monitor.php?id=34123&month=10&year=2025,2026-10-05
2025-10-23,4.1,https://www.pogodaiklimat.ru/monitor.php?id=34123&month=10&year=2025,2026-10-05
2025-10-24,6.8,https://www.pogodaiklimat.ru/monitor.php?id=34123&month=10&year=2025,2026-10-05
2025-10-25,9.4,https://www.pogodaiklimat.ru/monitor.php?id=34123&month=10&year=2025,2026-10-05
2025-10-26,9.3,https://www.pogodaiklimat.ru/monitor.php?id=34123&month=10&year=2025,2026-10-05
2025-10-27,7.9,https://www.pogodaiklimat.ru/monitor.php?id=34123&month=10&year=2025,2026-10-05
2025-10-28,8.7,https://www.pogodaiklimat.ru/monitor.php?id=34123&month=10&year=2025,2026-10-05
2025-10-29,7.1,https://www.pogodaiklimat.ru/monitor.php?id=34123&month=10&year=2025,2026-10-05
2025-10-30,7.3,https://www.pogodaiklimat.ru/monitor.php?id=34123&month=10&year=2025,2026-10-05
2025-10-31,5.7,https://www.pogodaiklimat.ru/monitor.php?id=34123&month=10&year=2025,2026-10-05
2025-11-01,6.8,https://www.pogodaiklimat.ru/monitor.php?id=34123&month=11&year=2025,2026-10-05
2025-11-02,5.5,https://www.pogodaiklimat.ru/monitor.php?id=34123&month=11&year=2025,2026-10-05
2025-11-03,6.2,https://www.pogodaiklimat.ru/monitor.php?id=34123&month=11&year=2025,2026-10-05
2025-11-04,5.1,https://www.pogodaiklimat.ru/monitor.php?id=34123&month=11&year=2025,2026-10-05
2025-11-05,5.2,https://www.pogodaiklimat.ru/monitor.php?id=34123&month=11&year=2025,2026-10-05
2025-11-06,7.2,https://www.pogodaiklimat.ru/monitor.php?id=34123&month=11&year=2025,2026-10-05
2025-11-07,7.3,https://www.pogodaiklimat.ru/monitor.php?id=34123&month=11&year=2025,2026-10-05
2025-11-08,9.8,https://www.pogodaiklimat.ru/monitor.php?id=34123&month=11&year=2025,2026-10-05
2025-11-09,4.1,https://www.pogodaiklimat.ru/monitor.php?id=34123&month=11&year=2025,2026-10-05
2025-11-10,4.9,https://www.pogodaiklimat.ru/monitor.php?id=34123&month=11&year=2025,2026-10-05
2025-11-11,8.2,https://www.pogodaiklimat.ru/monitor.php?id=34123&month=11&year=2025,2026-10-05
2025-11-12,8.4,https://www.pogodaiklimat.ru/monitor.php?id=34123&month=11&year=2025,2026-10-05
2025-11-13,8.1,https://www.pogodaiklimat.ru/monitor.php?id=34123&month=11&year=2025,2026-10-05
2025-11-14,5.7,https://www.pogodaiklimat.ru/monitor.php?id=34123&month=11&year=2025,2026-10-05
2025-11-15,6.4,https://www.pogodaiklimat.ru/monitor.php?id=34123&month=11&year=2025,2026-10-05
2025-11-16,-0.0,https://www.pogodaiklimat.ru/monitor.php?id=34123&month=11&year=2025,2026-10-05
2025-11-17,2.6,https://www.pogodaiklimat.ru/monitor.php?id=34123&month=11&year=2025,2026-10-05
2025-11-18,11.3,https://www.pogodaiklimat.ru/monitor.php?id=34123&month=11&year=2025,2026-10-05
2025-11-19,2.7,https://www.pogodaiklimat.ru/monitor.php?id=34123&month=11&year=2025,2026-10-05
2025-11-20,-0.5,https://www.pogodaiklimat.ru/monitor.php?id=34123&month=11&year=2025,2026-10-05
2025-11-21,4.1,https://www.pogodaiklimat.ru/monitor.php?id=34123&month=11&year=2025,2026-10-05
2025-11-22,9.3,https://www.pogodaiklimat.ru/monitor.php?id=34123&month=11&year=2025,2026-10-05
2025-11-23,7.5,https://www.pogodaiklimat.ru/monitor.php?id=34123&month=11&year=2025,2026-10-05
2025-11-24,6.8,https://www.pogodaiklimat.ru/monitor.php?id=34123&month=11&year=2025,2026-10-05
2025-11-25,2.7,https://www.pogodaiklimat.ru/monitor.php?id=34123&month=11&year=2025,2026-10-05
2025-11-26,3.3,https://www.pogodaiklimat.ru/monitor.php?id=34123&month=11&year=2025,2026-10-05
2025-11-27,2.0,https://www.pogodaiklimat.ru/monitor.php?id=34123&month=11&year=2025,2026-10-05
2025-11-28,6.4,https://www.pogodaiklimat.ru/monitor.php?id=34123&month=11&year=2025,2026-10-05
2025-11-29,1.7,https://www.pogodaiklimat.ru/monitor.php?id=34123&month=11&year=2025,2026-10-05
2025-11-30,0.5,https://www.pogodaiklimat.ru/monitor.php?id=34123&month=11&year=2025,2026-10-05
2025-12-01,0.7,https://www.pogodaiklimat.ru/monitor.php?id=34123&month=12&year=2025,2026-10-05
2025-12-02,-0.4,https://www.pogodaiklimat.ru/monitor.php?id=34123&month=12&year=2025,2026-10-05
2025-12-03,1.8,https://www.pogodaiklimat.ru/monitor.php?id=34123&month=12&year=2025,2026-10-05
2025-12-04,2.4,https://www.pogodaiklimat.ru/monitor.php?id=34123&month=12&year=2025,2026-10-05
2025-12-05,1.2,https://www.pogodaiklimat.ru/monitor.php?id=34123&month=12&year=2025,2026-10-05
2025-12-06,0.5,https://www.pogodaiklimat.ru/monitor.php?id=34123&month=12&year=2025,2026-10-05
2025-12-07,-0.3,https://www.pogodaiklimat.ru/monitor.php?id=34123&month=12&year=2025,2026-10-05
2025-12-08,-1.3,https://www.pogodaiklimat.ru/monitor.php?id=34123&month=12&year=2025,2026-10-05
2025-12-09,-1.2,https://www.pogodaiklimat.ru/monitor.php?id=34123&month=12&year=2025,2026-10-05
2025-12-10,-0.4,https://www.pogodaiklimat.ru/monitor.php?id=34123&month=12&year=2025,2026-10-05
2025-12-11,-0.3,https://www.pogodaiklimat.ru/monitor.php?id=34123&month=12&year=2025,2026-10-05
2025-12-12,2.1,https://www.pogodaiklimat.ru/monitor.php?id=34123&month=12&year=2025,2026-10-05
2025-12-13,-2.3,https://www.pogodaiklimat.ru/monitor.php?id=34123&month=12&year=2025,2026-10-05
2025-12-14,-6.6,https://www.pogodaiklimat.ru/monitor.php?id=34123&month=12&year=2025,2026-10-05
2025-12-15,-7.1,https://www.pogodaiklimat.ru/monitor.php?id=34123&month=12&year=2025,2026-10-05
2025-12-16,-2.2,https://www.pogodaiklimat.ru/monitor.php?id=34123&month=12&year=2025,2026-10-05
2025-12-17,1.0,https://www.pogodaiklimat.ru/monitor.php?id=34123&month=12&year=2025,2026-10-05
2025-12-18,0.5,https://www.pogodaiklimat.ru/monitor.php?id=34123&month=12&year=2025,2026-10-05
2025-12-19,-0.1,https://www.pogodaiklimat.ru/monitor.php?id=34123&month=12&year=2025,2026-10-05
2025-12-20,-2.9,https://www.pogodaiklimat.ru/monitor.php?id=34123&month=12&year=2025,2026-10-05
2025-12-21,-3.7,https://www.pogodaiklimat.ru/monitor.php?id=34123&month=12&year=2025,2026-10-05
2025-12-22,-0.5,https://www.pogodaiklimat.ru/monitor.php?id=34123&month=12&year=2025,2026-10-05
2025-12-23,-2.2,https://www.pogodaiklimat.ru/monitor.php?id=34123&month=12&year=2025,2026-10-05
2025-12-24,-13.0,https://www.pogodaiklimat.ru/monitor.php?id=34123&month=12&year=2025,2026-10-05
2025-12-25,-9.2,https://www.pogodaiklimat.ru/monitor.php?id=34123&month=12&year=2025,2026-10-05
2025-12-26,-3.1,https://www.pogodaiklimat.ru/monitor.php?id=34123&month=12&year=2025,2026-10-05
2025-12-27,-0.9,https://www.pogodaiklimat.ru/monitor.php?id=34123&month=12&year=2025,2026-10-05
2025-12-28,-2.4,https://www.pogodaiklimat.ru/monitor.php?id=34123&month=12&year=2025,2026-10-05
2025-12-29,-2.3,https://www.pogodaiklimat.ru/monitor.php?id=34123&month=12&year=2025,2026-10-05
2025-12-30,-3.8,https://www.pogodaiklimat.ru/monitor.php?id=34123&month=12&year=2025,2026-10-05
2025-12-31,-6.5,https://www.pogodaiklimat.ru/monitor.php?id=34123&month=12&year=2025,2026-10-05
